epoch,train_loss,lr,val_loss,macro_f1_val,top1_val,seconds
1,1.6286251719405012,0.0001,1.2218340157577223,0.23759607005301195,0.5704084547272208,14.835972113069147
2,0.8963553945465785,9.705700239897809e-05,0.7295785654241512,0.6211330775005235,0.7415024278777492,12.892354998271912
3,0.5957511677974607,8.843868885063593e-05,0.5725966810635313,0.7253026422142902,0.8046272493573264,12.967156094964594
4,0.4496063762685148,7.518410213227822e-05,0.538415148679749,0.7396541779433167,0.8137674950014282,13.027153651230037
5,0.3832497807537637,5.889194101900509e-05,0.47002133726222417,0.767282973661378,0.8346186803770351,13.091037699952722
6,0.3385097760616279,4.152728058776701e-05,0.47671419390607855,0.773404157224816,0.8386175378463296,13.093056508339942
7,0.2985931151523823,2.518455516166517e-05,0.4617068023553612,0.7859201403052154,0.8469008854612968,13.115701659116894
8,0.2888848776134049,1.183493862002702e-05,0.4585803337384551,0.7847143250175094,0.8469008854612968,13.170402470044792
9,0.27859704568982124,3.0885917371310745e-06,0.45832559062017436,0.7860834558254273,0.847186518137675,13.165272541809827
10,0.27631269690648813,1e-09,0.4438841607154556,0.7921602672184821,0.848900314195944,13.12596741784364
