step,loss
0,2.0495316982269287
1,0.6222816109657288
2,0.05080271139740944
3,0.0014761521015316248
4,0.0003889120416715741
5,0.0012089808005839586
6,0.0006630495772697031
7,0.000597609207034111
8,0.0008133708033710718
9,0.0003615719033405185
10,0.0001776205754140392
11,0.00017676327843219042
12,0.00019259015971329063
13,0.00012874742969870567
14,4.981996607966721e-05
15,1.4953371646697633e-05
16,5.152420271770097e-06
17,2.264967406517826e-06
18,1.6689245967427269e-06
19,1.5894515854597557e-06
20,1.6291875226670527e-06
