exp_id,seed,class,support,precision,recall,f1
F00,0,Chinee Apple,226,0.9148936170212766,0.7610619469026548,0.8309178743961352
F00,0,Lantana,213,0.8888888888888888,0.9765258215962441,0.9306487695749441
F00,0,Parkinsonia,207,0.9689119170984456,0.9033816425120773,0.935
F00,0,Parthenium,205,0.9138755980861244,0.9317073170731708,0.9227053140096618
F00,0,Prickly Acacia,213,0.8511627906976744,0.8591549295774648,0.8551401869158879
F00,0,Rubber Vine,202,0.9682539682539683,0.905940594059406,0.9360613810741688
F00,0,Siam Weed,215,0.9629629629629629,0.9674418604651163,0.965197215777262
F00,0,Snake Weed,204,0.8861386138613861,0.8774509803921569,0.8817733990147785
F00,0,Negatives,1822,0.9489521762493284,0.969264544456641,0.9590008145533534
F00,1,Chinee Apple,226,0.8738317757009346,0.827433628318584,0.85
F00,1,Lantana,213,0.8755186721991701,0.9906103286384976,0.9295154185022027
F00,1,Parkinsonia,207,0.9840425531914894,0.893719806763285,0.9367088607594937
F00,1,Parthenium,205,0.9065420560747663,0.9463414634146341,0.9260143198090692
F00,1,Prickly Acacia,213,0.8384279475982532,0.9014084507042254,0.8687782805429864
F00,1,Rubber Vine,202,0.96875,0.9207920792079208,0.9441624365482234
F00,1,Siam Weed,215,0.9414414414414415,0.9720930232558139,0.9565217391304348
F00,1,Snake Weed,204,0.8792270531400966,0.8921568627450981,0.8856447688564477
F00,1,Negatives,1822,0.9722222222222222,0.960482985729967,0.9663169519602429
F00,2,Chinee Apple,226,0.8942307692307693,0.8230088495575221,0.8571428571428571
F00,2,Lantana,213,0.9247787610619469,0.9812206572769953,0.9521640091116172
F00,2,Parkinsonia,207,0.9751243781094527,0.9468599033816425,0.9607843137254902
F00,2,Parthenium,205,0.8957345971563981,0.9219512195121952,0.9086538461538463
F00,2,Prickly Acacia,213,0.8883720930232558,0.8967136150234741,0.8925233644859814
F00,2,Rubber Vine,202,0.9695431472081218,0.9455445544554455,0.9573934837092731
F00,2,Siam Weed,215,0.9539170506912442,0.9627906976744186,0.9583333333333333
F00,2,Snake Weed,204,0.8883248730964467,0.8578431372549019,0.8728179551122195
F00,2,Negatives,1822,0.9618528610354223,0.968715697036224,0.9652720809406617
F01,0,Chinee Apple,226,0.9513513513513514,0.7787610619469026,0.856447688564477
F01,0,Lantana,213,0.9428571428571428,0.9295774647887324,0.9361702127659575
F01,0,Parkinsonia,207,0.9666666666666667,0.9806763285024155,0.973621103117506
F01,0,Parthenium,205,0.9603960396039604,0.9463414634146341,0.9533169533169533
F01,0,Prickly Acacia,213,0.9234449760765551,0.9061032863849765,0.9146919431279621
F01,0,Rubber Vine,202,0.984375,0.9356435643564357,0.9593908629441625
F01,0,Siam Weed,215,0.9285714285714286,0.9674418604651163,0.9476082004555809
F01,0,Snake Weed,204,0.883495145631068,0.8921568627450981,0.8878048780487806
F01,0,Negatives,1822,0.9555912252541466,0.9802414928649835,0.9677594147927391
F01,1,Chinee Apple,226,0.9405940594059405,0.8407079646017699,0.8878504672897195
F01,1,Lantana,213,0.9395348837209302,0.9483568075117371,0.9439252336448598
F01,1,Parkinsonia,207,0.9751243781094527,0.9468599033816425,0.9607843137254902
F01,1,Parthenium,205,0.9359605911330049,0.926829268292683,0.931372549019608
F01,1,Prickly Acacia,213,0.9154929577464789,0.9154929577464789,0.9154929577464789
F01,1,Rubber Vine,202,0.9840425531914894,0.9158415841584159,0.9487179487179487
F01,1,Siam Weed,215,0.9411764705882353,0.9674418604651163,0.9541284403669725
F01,1,Snake Weed,204,0.9238578680203046,0.8921568627450981,0.9077306733167083
F01,1,Negatives,1822,0.9571505088377076,0.9807903402854007,0.9688262401734888
F01,2,Chinee Apple,226,0.9405405405405406,0.7699115044247787,0.8467153284671532
F01,2,Lantana,213,0.9360730593607306,0.9624413145539906,0.9490740740740742
F01,2,Parkinsonia,207,0.9804878048780488,0.9710144927536232,0.9757281553398058
F01,2,Parthenium,205,0.9504950495049505,0.9365853658536586,0.9434889434889435
F01,2,Prickly Acacia,213,0.9061032863849765,0.9061032863849765,0.9061032863849765
F01,2,Rubber Vine,202,0.9595959595959596,0.9405940594059405,0.95
F01,2,Siam Weed,215,0.9203539823008849,0.9674418604651163,0.9433106575963719
F01,2,Snake Weed,204,0.9214659685863874,0.8627450980392157,0.8911392405063291
F01,2,Negatives,1822,0.9502141327623126,0.9742041712403952,0.962059620596206
